{
    "epoch": [
        1,
        2,
        3,
        4,
        5,
        6,
        7,
        8,
        9,
        10,
        11,
        12
    ],
    "max_depth": [
        1,
        2,
        3,
        4,
        5,
        6,
        7,
        8,
        9,
        10,
        11,
        12
    ],
    "accuracy": [
        0.39010416666666664,
        0.40260416666666665,
        0.42864583333333334,
        0.4744791666666667,
        0.5140625,
        0.5619791666666667,
        0.6197916666666666,
        0.6786458333333333,
        0.7401041666666667,
        0.7984375,
        0.8515625,
        0.8848958333333333
    ],
    "val_accuracy": [
        0.37916666666666665,
        0.4083333333333333,
        0.38125,
        0.41041666666666665,
        0.4,
        0.39166666666666666,
        0.4041666666666667,
        0.4125,
        0.38125,
        0.36666666666666664,
        0.4083333333333333,
        0.40625
    ],
    "loss": [
        1.0807584965460515,
        1.0630325658084534,
        1.0378234647800901,
        0.9995589431380123,
        0.9405297968650828,
        0.875629735790462,
        0.7875018985411226,
        0.6665177382737554,
        0.5623367513210702,
        0.4442679259878686,
        0.34498112963889355,
        0.27344877766702474
    ],
    "val_loss": [
        1.0833547493734181,
        1.0806035839978965,
        1.3005840082149585,
        1.448465203395402,
        2.1848880086266877,
        2.5518875126907914,
        3.647902855822706,
        4.590662063549458,
        7.2157905742905255,
        9.604175595199504,
        11.610300789452593,
        13.391721504049977
    ]
}