{
    "epoch": [
        1,
        2,
        3,
        4,
        5,
        6,
        7,
        8,
        9,
        10,
        11,
        12,
        13,
        14,
        15,
        16
    ],
    "accuracy": [
        0.821875,
        0.84375,
        0.8494791666666667,
        0.853125,
        0.8515625,
        0.8546875,
        0.8578125,
        0.8557291666666667,
        0.8567708333333334,
        0.859375,
        0.859375,
        0.859375,
        0.8619791666666666,
        0.8635416666666667,
        0.8645833333333334,
        0.8635416666666667
    ],
    "val_accuracy": [
        0.7166666666666667,
        0.7395833333333334,
        0.7354166666666667,
        0.74375,
        0.7416666666666667,
        0.7479166666666667,
        0.75,
        0.74375,
        0.7479166666666667,
        0.7416666666666667,
        0.7416666666666667,
        0.7375,
        0.7395833333333334,
        0.7354166666666667,
        0.7333333333333333,
        0.73125
    ],
    "loss": [
        0.4584703072793868,
        0.44571481483449266,
        0.4454223797967697,
        0.4557740038668476,
        0.46695326493249817,
        0.4780262446197759,
        0.48858433798045386,
        0.4987666979092342,
        0.5085270973087358,
        0.5177568008707711,
        0.5267676091695257,
        0.5351965509111968,
        0.5435007027296628,
        0.5512503330532055,
        0.5589187059064282,
        0.5660756218596527
    ],
    "val_loss": [
        0.7406071226678355,
        0.782021583759858,
        0.826105659244463,
        0.8680642727586463,
        0.9116008155296971,
        0.9476245431349184,
        0.9850622978402196,
        1.0175266995804015,
        1.050196544081633,
        1.0798197202863753,
        1.1090996372951585,
        1.1361662844953042,
        1.1629722367495496,
        1.1878175419326178,
        1.212631829367297,
        1.235565255854012
    ]
}