{
    "epoch": [
        1,
        2,
        3,
        4,
        5,
        6,
        7,
        8,
        9,
        10,
        11,
        12,
        13
    ],
    "max_depth": [
        1,
        2,
        3,
        4,
        5,
        6,
        7,
        8,
        9,
        10,
        11,
        12,
        13
    ],
    "accuracy": [
        0.41354166666666664,
        0.4671875,
        0.5083333333333333,
        0.553125,
        0.6036458333333333,
        0.6541666666666667,
        0.6979166666666666,
        0.7609375,
        0.8203125,
        0.8734375,
        0.9151041666666667,
        0.9515625,
        0.9640625
    ],
    "val_accuracy": [
        0.4,
        0.4625,
        0.4583333333333333,
        0.49166666666666664,
        0.4875,
        0.4875,
        0.5145833333333333,
        0.4875,
        0.45,
        0.46875,
        0.4625,
        0.475,
        0.4708333333333333
    ],
    "loss": [
        1.0615492805239302,
        1.0223704293129368,
        0.9816788489225927,
        0.9239914731039095,
        0.8580566755832845,
        0.7795329783699495,
        0.6810539428906419,
        0.5713783199495133,
        0.4489958090522091,
        0.3235493904533467,
        0.21425166317515462,
        0.1273259155522998,
        0.0831390744688829
    ],
    "val_loss": [
        1.079007240892544,
        1.0411208875481741,
        1.0359274560686607,
        1.5344690086698496,
        1.8197535677053136,
        2.61841003299436,
        4.359351554961772,
        5.8691911299297645,
        8.290031187712875,
        10.573028703370538,
        13.452434074729338,
        14.839650050739978,
        17.25939626125129
    ]
}