{
    "loss": [
        0.8069917559623718,
        0.6295550465583801,
        0.5831601619720459,
        0.5403444766998291,
        0.5341609716415405,
        0.4562668204307556,
        0.45237722992897034,
        0.40977850556373596,
        0.3971821963787079,
        0.3798600733280182,
        0.3625187575817108,
        0.3542736768722534,
        0.2567118704319,
        0.24627099931240082,
        0.2427014708518982,
        0.1963648647069931,
        0.20455728471279144,
        0.15499559044837952,
        0.1623733639717102,
        0.1271185576915741
    ],
    "accuracy": [
        0.612500011920929,
        0.7223958373069763,
        0.7473958134651184,
        0.7729166746139526,
        0.7880208492279053,
        0.8161458373069763,
        0.8192708492279053,
        0.8411458134651184,
        0.8395833373069763,
        0.846875011920929,
        0.8666666746139526,
        0.859375,
        0.9057291746139526,
        0.9088541865348816,
        0.9078124761581421,
        0.9286458492279053,
        0.9307291507720947,
        0.9416666626930237,
        0.940625011920929,
        0.9557291865348816
    ],
    "val_loss": [
        0.853976309299469,
        0.7145636081695557,
        0.6738866567611694,
        0.5576714873313904,
        0.5078843832015991,
        0.5315631031990051,
        0.5445597767829895,
        0.5339642763137817,
        0.5478978753089905,
        0.5271126627922058,
        0.5666170120239258,
        0.5344783067703247,
        0.6447849273681641,
        0.6427484750747681,
        0.6472185254096985,
        0.6681963801383972,
        0.6935001611709595,
        0.7344052791595459,
        0.7507728338241577,
        0.8221278786659241
    ],
    "val_accuracy": [
        0.6625000238418579,
        0.7208333611488342,
        0.6979166865348816,
        0.7562500238418579,
        0.768750011920929,
        0.7833333611488342,
        0.7708333134651184,
        0.762499988079071,
        0.7645833492279053,
        0.7770833373069763,
        0.762499988079071,
        0.78125,
        0.768750011920929,
        0.7791666388511658,
        0.7583333253860474,
        0.78125,
        0.793749988079071,
        0.7770833373069763,
        0.7770833373069763,
        0.7645833492279053
    ],
    "lr": [
        0.0010000000474974513,
        0.0010000000474974513,
        0.0010000000474974513,
        0.0010000000474974513,
        0.0010000000474974513,
        0.0010000000474974513,
        0.0010000000474974513,
        0.0010000000474974513,
        0.0010000000474974513,
        0.0010000000474974513,
        0.0010000000474974513,
        0.0010000000474974513,
        0.0005000000237487257,
        0.0005000000237487257,
        0.0005000000237487257,
        0.0005000000237487257,
        0.0005000000237487257,
        0.0005000000237487257,
        0.0005000000237487257,
        0.0002500000118743628
    ]
}